lat,lon,useful_crop_percentage,useless_non_crop_percentage,State
47.93487935325868,-96.76444348595372,95.08,4.92,Minnesota
36.43487935325868,-120.26444348595372,94.07,5.93,California
35.93487935325868,-90.26444348595372,93.22,6.78,Arkansas
38.43487935325868,-100.76444348595372,92.65,7.35,Kansas
40.93487935325868,-88.26444348595373,92.45,7.55,Illinois
36.43487935325868,-119.76444348595372,91.96,8.04,California
38.93487935325868,-121.76444348595372,91.94,8.06,California
43.43487935325868,-94.26444348595372,91.93,8.07,Iowa
36.43487935325868,-89.76444348595373,91.68,8.32,Missouri
42.43487935325868,-97.26444348595372,91.26,8.74,Nebraska
39.43487935325868,-121.76444348595372,91.1,8.9,California
35.93487935325868,-119.76444348595372,91.04,8.96,California
44.43487935325868,-94.26444348595372,90.94,9.06,Minnesota
40.93487935325868,-97.76444348595372,90.61,9.39,Nebraska
48.43487935325868,-96.76444348595372,90.47,9.53,Minnesota
40.43487935325868,-89.26444348595373,90.22,9.78,Illinois
40.43487935325868,-87.76444348595373,90.04,9.96,Illinois
45.93487935325868,-96.26444348595372,89.84,10.16,Minnesota
46.93487935325868,-97.26444348595372,89.8,10.2,North Dakota
47.43487935325868,-97.26444348595372,89.68,10.32,North Dakota
39.93487935325868,-89.26444348595373,89.65,10.35,Illinois
40.43487935325868,-88.26444348595373,89.49,10.51,Illinois
37.43487935325868,-100.76444348595372,89.45,10.55,Kansas
41.93487935325868,-97.76444348595372,89.37,10.63,Nebraska
42.93487935325868,-96.26444348595372,89.32,10.68,Iowa
39.93487935325868,-88.26444348595373,89.14,10.86,Illinois
47.43487935325868,-96.76444348595372,89.13,10.87,Minnesota
42.43487935325868,-95.26444348595372,89.05,10.95,Iowa
42.93487935325868,-94.76444348595372,89.01,10.99,Iowa
33.43487935325868,-101.76444348595372,88.75,11.25,Texas
36.93487935325868,-89.76444348595373,88.6,11.4,Missouri
40.43487935325868,-85.76444348595373,88.43,11.57,Indiana
40.93487935325868,-97.26444348595372,88.38,11.62,Nebraska
40.93487935325868,-84.76444348595373,88.3,11.7,Ohio
40.93487935325868,-101.76444348595372,88.28,11.72,Nebraska
44.43487935325868,-95.26444348595372,88.26,11.74,Minnesota
42.93487935325868,-93.76444348595372,88.2,11.8,Iowa
44.93487935325868,-95.26444348595372,88.1,11.9,Minnesota
40.43487935325868,-97.76444348595372,87.86,12.14,Nebraska
41.43487935325868,-89.26444348595373,87.84,12.16,Illinois
42.93487935325868,-95.76444348595372,87.36,12.64,Iowa
42.43487935325868,-92.76444348595372,87.12,12.88,Iowa
43.43487935325868,-83.76444348595373,86.96,13.04,Michigan
39.93487935325868,-87.76444348595373,86.9,13.1,Illinois
34.43487935325868,-102.26444348595372,86.89,13.11,Texas
42.43487935325868,-94.76444348595372,86.64,13.36,Iowa
40.43487935325868,-99.26444348595372,86.56,13.44,Nebraska
38.43487935325868,-102.26444348595372,86.44,13.56,Colorado
38.43487935325868,-98.26444348595372,86.35,13.65,Kansas
39.93487935325868,-104.26444348595372,86.28,13.72,Colorado
44.93487935325868,-94.76444348595372,86.27,13.73,Minnesota
38.43487935325868,-121.76444348595372,86.21,13.79,California
33.43487935325868,-90.76444348595372,86.2,13.8,Mississippi
26.43487935325868,-97.76444348595372,85.89,14.11,Texas
48.93487935325868,-100.76444348595372,85.56,14.44,North Dakota
43.43487935325868,-95.76444348595372,85.44,14.56,Iowa
46.43487935325868,-96.76444348595372,85.33,14.67,North Dakota
43.43487935325868,-96.26444348595372,85.29,14.71,Iowa
42.93487935325868,-96.76444348595372,85.28,14.72,South Dakota
40.93487935325868,-87.76444348595373,85.18,14.82,Illinois
31.43487935325868,-100.26444348595372,85.15,14.85,Texas
43.43487935325868,-93.76444348595372,85.05,14.95,Iowa
33.43487935325868,-102.26444348595372,84.98,15.02,Texas
43.93487935325868,-94.76444348595372,84.93,15.07,Minnesota
48.43487935325868,-97.26444348595372,84.76,15.24,North Dakota
43.43487935325868,-92.76444348595372,84.66,15.34,Iowa
48.93487935325868,-98.76444348595372,84.61,15.39,North Dakota
40.93487935325868,-88.76444348595373,84.44,15.56,Illinois
35.43487935325868,-91.26444348595372,84.42,15.58,Arkansas
35.43487935325868,-119.26444348595372,84.4,15.6,California
35.43487935325868,-90.26444348595372,84.33,15.67,Arkansas
48.43487935325868,-98.76444348595372,84.1,15.9,North Dakota
40.43487935325868,-88.76444348595373,84.05,15.95,Illinois
45.43487935325868,-95.76444348595372,84.03,15.97,Minnesota
33.93487935325868,-90.76444348595372,83.98,16.02,Mississippi
46.93487935325868,-117.26444348595372,83.7,16.3,Washington
35.93487935325868,-119.26444348595372,83.58,16.42,California
43.93487935325868,-93.76444348595372,83.52,16.48,Minnesota
40.93487935325868,-86.26444348595373,83.35,16.65,Indiana
48.93487935325868,-97.26444348595372,83.33,16.67,North Dakota
48.43487935325868,-103.26444348595372,83.33,16.67,North Dakota
45.93487935325868,-96.76444348595372,83.33,16.67,South Dakota
40.43487935325868,-95.26444348595372,83.02,16.98,Missouri
43.93487935325868,-94.26444348595372,82.99,17.01,Minnesota
48.43487935325868,-110.26444348595372,82.99,17.01,Montana
47.43487935325868,-97.76444348595372,82.92,17.08,North Dakota
48.93487935325868,-101.76444348595372,82.85,17.15,North Dakota
42.43487935325868,-96.76444348595372,82.67,17.33,Nebraska
41.43487935325868,-89.76444348595373,82.63,17.37,Illinois
34.43487935325868,-102.76444348595372,82.63,17.37,Texas
42.43487935325868,-97.76444348595372,82.38,17.62,Nebraska
40.93487935325868,-84.26444348595373,82.23,17.77,Ohio
40.43487935325868,-96.76444348595372,82.17,17.83,Nebraska
48.93487935325868,-104.76444348595372,82.1,17.9,Montana
43.93487935325868,-95.76444348595372,81.92,18.08,Minnesota
39.43487935325868,-101.26444348595372,81.71,18.29,Kansas
48.93487935325868,-97.76444348595372,81.71,18.29,North Dakota
36.43487935325868,-100.76444348595372,81.65,18.35,Texas
42.93487935325868,-93.26444348595372,81.59,18.41,Iowa
41.43487935325868,-95.26444348595372,81.59,18.41,Iowa
